A_source_id,A_content,A_author_id,A_rating,A_language,A_likes,A_replies,A_posted_at,B_id,B_platform,B_target_id,B_target_meta,B_extra_json,B_fetched_at,C_sentiment,C_sentiment_score,C_sentiment_confidence,C_topic,C_sub_topics,C_analyzed_at
"231636247","我认为该游戏可玩性高，除了在网咖打游戏不能保留设置，枪法不固定。。。","76561198348085236","1","schinese","1","0","2026-07-30T10:57:00","1","steam","steam:730","{""name"": ""Counter-Strike 2"", ""type"": ""game""}","{""appid"": ""730"", ""playtime_forever"": 85435, ""playtime_at_review"": 85360, ""steam_purchase"": true, ""received_for_free"": false, ""written_during_early_access"": false}","2026-07-31T14:35:53.312259","positive","0.6","0.8","游戏性","[""可玩性"", ""操作""]","2026-07-31T14:36:55.419666"
"231673722","游戏环境越来越恶劣了，我好不容易带入坑的朋友因为压力怪和嘴臭的人都退游了，我是永远都不会原谅这个游戏环境的","76561199546822195","0","schinese","1","0","2026-07-30T23:27:01","2","steam","steam:730","{""name"": ""Counter-Strike 2"", ""type"": ""game""}","{""appid"": ""730"", ""playtime_forever"": 57076, ""playtime_at_review"": 57076, ""steam_purchase"": true, ""received_for_free"": false, ""written_during_early_access"": false}","2026-07-31T14:35:53.312656","negative","-0.8","0.95","游戏环境","[""玩家行为"", ""社交体验""]","2026-07-31T14:36:25.960778"
"231673532","2026年，电脑市场涨价，生育率逐渐下降，玩的新大学生越来越少，游戏外挂依旧不封 老东西下了班也玩不动游戏 新生代社交属性也不如三角洲和瓦罗兰特 可cs2依然是最传统最纯粹的fps，最好看的比赛  另外...要是老vp还能再一起打次比赛就好了","76561198162471616","1","schinese","1","0","2026-07-30T23:24:20","3","steam","steam:730","{""name"": ""Counter-Strike 2"", ""type"": ""game""}","{""appid"": ""730"", ""playtime_forever"": 137637, ""playtime_at_review"": 137103, ""steam_purchase"": true, ""received_for_free"": false, ""written_during_early_access"": false}","2026-07-31T14:35:53.312896","neutral","0.1","0.7","游戏性","[""玩家生态"", ""竞技性"", ""怀旧""]","2026-07-31T14:36:27.537015"
"231705257","傻掉游戏  vac他妈的一个外挂不封 我打外挂说我过度伤害队友","76561198708171941","0","schinese","0","0","2026-07-31T07:56:51","4","steam","steam:730","{""name"": ""Counter-Strike 2"", ""type"": ""game""}","{""appid"": ""730"", ""playtime_forever"": 3914, ""playtime_at_review"": 3601, ""steam_purchase"": true, ""received_for_free"": false, ""written_during_early_access"": false}","2026-07-31T14:35:53.314730","negative","-0.8","0.9","游戏性","[""外挂"", ""惩罚机制""]","2026-07-31T14:36:16.493582"
"231704115","cheat、百分之五十胜率 这里面的人都会ct听t家呀，太棒了捏，我的耳机怎么没有那么厉害，还有当陀螺转起来的魔王呢","76561199688894256","0","schinese","0","0","2026-07-31T07:31:04","5","steam","steam:730","{""name"": ""Counter-Strike 2"", ""type"": ""game""}","{""appid"": ""730"", ""playtime_forever"": 74092, ""playtime_at_review"": 74092, ""steam_purchase"": true, ""received_for_free"": false, ""written_during_early_access"": false}","2026-07-31T14:35:53.314991","negative","-0.6","0.8","游戏性","[""作弊"", ""匹配机制"", ""玩家体验""]","2026-07-31T14:36:17.755751"
"231683413","This is a wildly popular but terrible game with awful motion controls. Even if you're a seasoned CS player, you'll still need a fast internet connection and a bit of luck. Your skill is irrelevant. While it mimics real-world gunfights, the development team must have been out of their minds. The game should prioritize motion controls. And it's a far cry from realistic bullet trajectories and all the variables. You'll win or lose inexplicably.","76561198324829595","0","schinese","0","0","2026-07-31T01:46:19","6","steam","steam:730","{""name"": ""Counter-Strike 2"", ""type"": ""game""}","{""appid"": ""730"", ""playtime_forever"": 64992, ""playtime_at_review"": 64985, ""steam_purchase"": true, ""received_for_free"": false, ""written_during_early_access"": false}","2026-07-31T14:35:53.315302","negative","-0.8","0.9","操作","[""游戏性"", ""网络"", ""公平性""]","2026-07-31T14:36:21.745379"
"231680375","玩吧，能玩出七宗罪出来，当你的欲望攀升的时候，你就该进入练枪室了","76561199747829390","1","schinese","0","0","2026-07-31T01:03:32","7","steam","steam:730","{""name"": ""Counter-Strike 2"", ""type"": ""game""}","{""appid"": ""730"", ""playtime_forever"": 4809, ""playtime_at_review"": 4306, ""steam_purchase"": true, ""received_for_free"": false, ""written_during_early_access"": false}","2026-07-31T14:35:53.315597","positive","0.6","0.7","游戏性","[""挑战性"", ""上瘾性""]","2026-07-31T14:36:24.574619"
"231664973","CS一直是我最喜欢的游戏。从CSGO走到CS2，一路走来承载了太多回忆。 现阶段的CS2确实还有不少问题：仓促的更新、偶尔拉胯的优化，外挂和摆烂玩家依然影响着对局体验，不少改动也让老玩家一时难以适应，游戏环境还有很大的改善空间。 但我依然愿意相信它以后一定会越来越好。它拥有最纯粹的竞技内核，独一无二的对战手感，庞大的玩家社区。V社一直在持续调整修复，慢慢打磨细节。 它现在或许不够完美，但我愿意继续等待，期待未来版本不断完善，整治对局环境，回归竞技本身，变回我们心中那个无可替代的CS。","76561199238497354","1","schinese","0","0","2026-07-30T21:14:48","8","steam","steam:730","{""name"": ""Counter-Strike 2"", ""type"": ""game""}","{""appid"": ""730"", ""playtime_forever"": 26078, ""playtime_at_review"": 26078, ""steam_purchase"": true, ""received_for_free"": false, ""written_during_early_access"": false}","2026-07-31T14:35:53.315813","positive","0.7","0.9","游戏性","[""优化"", ""外挂"", ""社区""]","2026-07-31T14:36:32.908784"
"231663282","不好玩，重复性太强","76561198682441602","1","schinese","0","0","2026-07-30T20:48:04","9","steam","steam:730","{""name"": ""Counter-Strike 2"", ""type"": ""game""}","{""appid"": ""730"", ""playtime_forever"": 824, ""playtime_at_review"": 669, ""steam_purchase"": true, ""received_for_free"": false, ""written_during_early_access"": false}","2026-07-31T14:35:53.316015","negative","-0.7","0.9","游戏性","[""重复性"", ""趣味性""]","2026-07-31T14:36:34.161510"
"231660584","那些停在国服非优先官匹的别一直叫外挂多了，没钱买优先没事，但你动动手指下个完美5E解决90%的外挂问题你这何乐而不为呢，你待在那里技术也学不到什么","76561198711740431","1","schinese","0","0","2026-07-30T20:00:30","10","steam","steam:730","{""name"": ""Counter-Strike 2"", ""type"": ""game""}","{""appid"": ""730"", ""playtime_forever"": 7838, ""playtime_at_review"": 7642, ""steam_purchase"": true, ""received_for_free"": false, ""written_during_early_access"": false}","2026-07-31T14:35:53.316217","neutral","0.1","0.7","游戏性","[""外挂问题"", ""平台建议""]","2026-07-31T14:36:35.937119"
"231651994","建议和朋友玩，或者花钱买优先账户，要不然队友很菜","76561198722779582","1","schinese","0","0","2026-07-30T17:05:08","11","steam","steam:730","{""name"": ""Counter-Strike 2"", ""type"": ""game""}","{""appid"": ""730"", ""playtime_forever"": 5856, ""playtime_at_review"": 5645, ""steam_purchase"": true, ""received_for_free"": false, ""written_during_early_access"": false}","2026-07-31T14:35:53.316401","negative","-0.3","0.8","游戏性","[""队友质量"", ""付费建议""]","2026-07-31T14:36:41.631243"
"231651379","游戏没问题，不过我就一句话，开挂的就别玩了，知道你现实阳痿，电子阳痿，还开个挂就和吃西地那非一样，别骗自己了","76561199877831728","1","schinese","0","0","2026-07-30T16:52:03","12","steam","steam:730","{""name"": ""Counter-Strike 2"", ""type"": ""game""}","{""appid"": ""730"", ""playtime_forever"": 61951, ""playtime_at_review"": 61880, ""steam_purchase"": true, ""received_for_free"": false, ""written_during_early_access"": false}","2026-07-31T14:35:53.316583","negative","-0.6","0.8","其他","[""作弊行为"", ""玩家素质""]","2026-07-31T14:36:44.645024"
"231646838","演员外挂没管过，枪皮箱子纯赌博。 设置优化一坨屎，网络延迟千百十。 匹配机制招如笑，社区文化吓人尿。 只为圈钱乱更新，资本嘴脸寒人心。 你问我以后玩不玩？Why u fking bully me😭","76561199030983383","0","schinese","0","0","2026-07-30T15:06:12","13","steam","steam:730","{""name"": ""Counter-Strike 2"", ""type"": ""game""}","{""appid"": ""730"", ""playtime_forever"": 35718, ""playtime_at_review"": 35718, ""steam_purchase"": true, ""received_for_free"": false, ""written_during_early_access"": false}","2026-07-31T14:35:53.316784","negative","-0.9","0.95","其他","[""外挂"", ""优化"", ""匹配机制"", ""社区文化"", ""圈钱""]","2026-07-31T14:36:47.286974"
"231641139","记得小时候，爸爸买了一台电脑，由于电脑性能不是很好，天天迷上了4399，小的时候总是沉迷于今天晚那个游戏呢？我无意间点开了生死狙击这个游戏，这一玩就是10年，后来游戏衰弱了，渐渐的就对生死狙击不感兴趣了，22年还记得我在工厂里实习，买了人生中第一天属于自己的笔记本电脑，跟我玩的不错的一个同事问我打不打CS，我当时都不知道还有CS这个游戏，我说：不是CF？我只听说过CF没听说 CS，他说很好玩的，于是我也回去下载了一个，于是我就迷上了CS，最开始接触它，只是偶然的尝试，看不懂复杂的道具，打不准简单的预瞄，只会笨拙地跟着队友乱跑，常常白给，却依旧乐此不疲。那时候的快乐特别简单，赢一局匹配能开心半天，残局翻盘会激动好久，哪怕输了，和队友调侃几句，所有失落也都会烟消云散。 实习结束了，但毕业即失业，我找不到工作，只能又回去进工厂了，工厂的日子熬了一天又一天，流水线磨平了我所有的力气。日复一日的重复，强制的加班，压得人喘不上气。我拼了命干，省吃俭用，到头来手里空空，给家里带不回去一分钱。满心的愧疚、自卑和无力，死死堵在胸口，没人说，没人懂，只能自己硬扛。 最后工作还是没了。  没有解脱，只有彻头彻尾的恐慌。  我不敢回家，不敢面对家人的询问，不敢承认自己没本事、没出息、一事无成。走在街头，看着别人正常上班生活，我像个多余的闲人，茫然又狼狈。  我只能躲进网吧。  昏暗油腻的环境，满室的烟味，嘈杂的键盘声，却是我唯一敢待的地方。  我打开CS，一局接一局，停不下来。  我根本不是喜欢玩，我是在逃。  现实太痛了，压力太沉了，迷茫太窒息了。只要屏幕亮起，枪声一响，我就能短暂屏蔽所有烂透的现实。不用想失业，不用想赚钱，不用想亏欠家里的一切，不用自卑自己一无所有。  现实里，我掌控不了任何东西，生活一团糟，步步都是无奈。  但在游戏里，我能对枪、能防守、能翻盘。哪怕只是虚拟的胜利，也能骗自己一瞬间：我不是彻底的废物。  无数个下午到深夜，我盯着屏幕，机械地点着鼠标。输赢早就无所谓，我只是需要声音填满脑子，不让空寂和愧疚吞噬我。  局数越打越多，情绪越来越麻木。  每次游戏结束结算的那一刻，黑屏的瞬间，所有伪装全部崩塌。  现实狠狠砸回来：我失业、没钱、没出路、辜负家人、一无所有。  我知道躲在网吧打游戏很颓废，知道这是自欺欺人，是麻痹自己。可我真的撑不住了。  我没有退路，没有方向，没有人撑腰。  只能靠着一遍遍的枪声，勉强拖着快要垮掉的自己，熬过这段暗无天日、无人问津的低谷。","76561199414799860","1","schinese","0","0","2026-07-30T12:46:02","14","steam","steam:730","{""name"": ""Counter-Strike 2"", ""type"": ""game""}","{""appid"": ""730"", ""playtime_forever"": 56134, ""playtime_at_review"": 56006, ""steam_purchase"": true, ""received_for_free"": false, ""written_during_early_access"": false}","2026-07-31T14:35:53.316977","negative","-0.7","0.9","其他","[""情感寄托"", ""生活压力"", ""游戏逃避""]","2026-07-31T14:36:48.714073"
"231640868","🔫 从小学第一次走进网吧玩《Counter-Strike 2》（以前的 CS:GO）开始，到现在已经过去很多年了。这款游戏陪伴了我的整个童年，也是我青春里最难忘的一部分。❤️  以前一下课就想着约朋友去网吧，大家戴着耳机，一边喊着战术，一边因为一枪爆头而欢呼，也会因为残局失误被朋友疯狂调侃。那时候玩的不只是游戏，更是一段无忧无虑的回忆。🎮  从 CS:GO 到现在的 Counter-Strike 2，虽然画面和引擎都升级了，但那种紧张刺激的枪战、团队配合和竞技魅力始终没有改变。每一场比赛都考验枪法、意识和默契，也正因为如此，它才能一直保持这么高的人气。💥  这么多年过去了，我还是会时不时打开游戏打几场。不只是为了上分，更是为了找回当年在网吧和朋友一起奋战的感觉。那些回忆，真的很珍贵。🥹  谢谢这款游戏陪伴我从小学一路玩到现在。也许时代一直在改变，但 Counter-Strike 带给我的快乐，从来没有变过。❤️  GG. See you next round. 🎯","76561198717800092","1","schinese","0","0","2026-07-30T12:39:02","15","steam","steam:730","{""name"": ""Counter-Strike 2"", ""type"": ""game""}","{""appid"": ""730"", ""playtime_forever"": 6083, ""playtime_at_review"": 6047, ""steam_purchase"": true, ""received_for_free"": false, ""written_during_early_access"": false}","2026-07-31T14:35:53.317165","positive","0.95","0.98","游戏性","[""怀旧"", ""团队配合"", ""竞技魅力""]","2026-07-31T14:36:50.060534"
"231639701","FPS的爹，白开水中的白开水，从不数3之人，竞技游戏最高的山最长的河，晕3D之人噩梦，对新手最友好游戏之一，全网新手教程最详细的游戏，急停这一块，peek这一块，拉枪这一块，枪法定位这一块，压力这一块，残局这一块，智斗这一块，好枪这一块，饰品买命这一块，野牛跳拉这一块，一进地图低头转这一块，小透小锁小雷达这一块，vac只封绿玩这一块，完美我cnm这一块，万年只会沙二这一块，小镇259这一块，中门鸟狙载物这一块，我能打上海major这一块，玩大嫂这一块，往里考这一块，玩宝宝啊啊啊啊啊啊这一块，哪里捐款这一块，物理引擎这一块，地图左下角的狙能给你炸到右上角这一块，从不红温这一块，上完班放松放松这一块，美酒越老越醇厚这一块，越玩越有这一块，这一块这一块","76561199760801536","1","schinese","0","0","2026-07-30T12:11:08","16","steam","steam:730","{""name"": ""Counter-Strike 2"", ""type"": ""game""}","{""appid"": ""730"", ""playtime_forever"": 40942, ""playtime_at_review"": 40522, ""steam_purchase"": true, ""received_for_free"": false, ""written_during_early_access"": false}","2026-07-31T14:35:53.317353","positive","0.8","0.9","游戏性","[""竞技性"", ""新手友好"", ""游戏特色""]","2026-07-31T14:36:51.308355"
"231637673","Incompetent game company Lazy worker Countless cheaters If you play a round of Deathmatch yourself, you'll be surprised to find that there are actually no more than five real players in the game; the rest are all bots.","76561199853812950","0","schinese","0","0","2026-07-30T11:26:50","17","steam","steam:730","{""name"": ""Counter-Strike 2"", ""type"": ""game""}","{""appid"": ""730"", ""playtime_forever"": 10271, ""playtime_at_review"": 10207, ""steam_purchase"": true, ""received_for_free"": false, ""written_during_early_access"": false}","2026-07-31T14:35:53.317557","negative","-0.9","0.95","其他","[""作弊者"", ""机器人玩家""]","2026-07-31T14:36:52.348016"
"231636806","しょうがないな、ちゃんと座ってろよ――それはCSプロシーンにおいて、中国CS史に刻まれるべき一発の奇襲だった。会場は静まり返り、マウスのクリック音と息遣いだけが響く。Tylooは経済的に追い詰められ、メンバー全員がほぼ防具のみの貧装備、まさに丸腰同然。当時、向かい立つのは絶頂期にあった世界最強チーム・Vitality。Dankingは後退の選択肢を捨て、威力を過小評価されがちな軽量スナイパーライフル「SSG 08」を手に取った。その先に立つのは“怪物”ZywOo——CSの頂点に君臨し、反応速度もポジショニングも威圧感も、すべてが異次元。あらゆるスナイパーにとって悪夢のような存在だ。彼は悠然と前線を制圧し、すべてを手中に収めたかのように振る舞う。誰が想像しただろう——その一歩が、東方からの致命的な照準を呼び込むとは。Dankingは足音を殺してフェイスチェック、視線は一点に固定され、無駄な動作も派手な身のこなしもない。ただ息を詰めて狙い澄ました、引き金を引く刹那——塵はまだ、舞い降りていなかった。","76561198771801388","1","schinese","0","0","2026-07-30T11:08:37","18","steam","steam:730","{""name"": ""Counter-Strike 2"", ""type"": ""game""}","{""appid"": ""730"", ""playtime_forever"": 36230, ""playtime_at_review"": 35633, ""steam_purchase"": true, ""received_for_free"": false, ""written_during_early_access"": false}","2026-07-31T14:35:53.317760","positive","0.8","0.9","游戏性","[""电竞"", ""操作"", ""精彩瞬间""]","2026-07-31T14:36:53.860867"
"231635285","死人游戏吗每次更新都是一大堆毛病","76561199638287676","0","schinese","0","0","2026-07-30T10:37:06","19","steam","steam:730","{""name"": ""Counter-Strike 2"", ""type"": ""game""}","{""appid"": ""730"", ""playtime_forever"": 85545, ""playtime_at_review"": 85428, ""steam_purchase"": true, ""received_for_free"": false, ""written_during_early_access"": false}","2026-07-31T14:35:53.318001","negative","-0.8","0.95","游戏性","[""更新"", ""稳定性""]","2026-07-31T14:36:56.630526"
"231633597","超级好玩，希望市场不要崩盘。我是自用玩家","76561198306152741","1","schinese","0","0","2026-07-30T10:01:27","20","steam","steam:730","{""name"": ""Counter-Strike 2"", ""type"": ""game""}","{""appid"": ""730"", ""playtime_forever"": 21826, ""playtime_at_review"": 21194, ""steam_purchase"": true, ""received_for_free"": false, ""written_during_early_access"": false}","2026-07-31T14:35:53.318264","positive","0.8","0.9","游戏性","[""市场"", ""自用玩家""]","2026-07-31T14:36:58.437965"
"231632900","官方对挂的打击力度太小   现在机器人横行","76561199669202465","0","schinese","0","0","2026-07-30T09:46:59","21","steam","steam:730","{""name"": ""Counter-Strike 2"", ""type"": ""game""}","{""appid"": ""730"", ""playtime_forever"": 30198, ""playtime_at_review"": 29935, ""steam_purchase"": true, ""received_for_free"": false, ""written_during_early_access"": false}","2026-07-31T14:35:53.318490","negative","-0.7","0.9","其他","[""反作弊"", ""游戏环境""]","2026-07-31T14:36:59.668346"
"231632489","游戏环境太恶劣了，下载下来想体验一下，玩的普通模式，然后因为听错了一个基础脚步，导致输了一回合，就被好几个人轮着骂，关键我人头数也不低，队里第三，我也很认真在打了。实在是受不了这样的游戏氛围。","76561198448526972","0","schinese","0","0","2026-07-30T09:38:07","22","steam","steam:730","{""name"": ""Counter-Strike 2"", ""type"": ""game""}","{""appid"": ""730"", ""playtime_forever"": 244, ""playtime_at_review"": 244, ""steam_purchase"": true, ""received_for_free"": false, ""written_during_early_access"": false}","2026-07-31T14:35:53.318709","negative","-0.8","0.95","游戏环境","[""玩家行为"", ""社区氛围""]","2026-07-31T14:37:00.966768"
"231632042","好玩欸，画质很好，优化也很顶级，而且移动速度比较快，玩起来比较有爽感","76561198810977825","1","schinese","0","0","2026-07-30T09:27:55","23","steam","steam:730","{""name"": ""Counter-Strike 2"", ""type"": ""game""}","{""appid"": ""730"", ""playtime_forever"": 2394, ""playtime_at_review"": 2152, ""steam_purchase"": true, ""received_for_free"": false, ""written_during_early_access"": false}","2026-07-31T14:35:53.318908","positive","0.9","0.95","游戏性","[""画面"", ""性能"", ""操作""]","2026-07-31T14:37:02.126462"
"231657649","傻逼游戏，开挂的一大堆，官方根本不管，劝退新手和老玩家，cs2一定会死在市场和外挂上","76561198731011392","0","schinese","0","0","2026-07-30T19:04:20","24","steam","steam:730","{""name"": ""Counter-Strike 2"", ""type"": ""game""}","{""appid"": ""730"", ""playtime_forever"": 2427, ""playtime_at_review"": 2325, ""steam_purchase"": true, ""received_for_free"": false, ""written_during_early_access"": false}","2026-07-31T14:35:53.319422","negative","-0.9","0.95","游戏性","[""外挂"", ""官方管理""]","2026-07-31T14:36:38.960123"
"231700285","打完死斗发现今天是7月31日 去年的今天是我第一次打开它的日子 这让我有很多话想说 但是千言万语都可以汇成一句我爱CS 他是我日日夜夜玩的游戏 我爱它 抖音上有一个文案 你想活出怎样的人生 我想我想要的人生就是能打一辈子CS 我想敬17岁热爱游戏的自己 敬我认识的这么多朋友 我爱你们 我爱CS","76561199878191219","1","schinese","0","0","2026-07-31T06:19:01","25","steam","steam:730","{""name"": ""Counter-Strike 2"", ""type"": ""game""}","{""appid"": ""730"", ""playtime_forever"": 121064, ""playtime_at_review"": 120805, ""steam_purchase"": true, ""received_for_free"": false, ""written_during_early_access"": false}","2026-07-31T14:35:53.323102","positive","0.95","0.98","游戏性","[""情感连接"", ""社交"", ""长期投入""]","2026-07-31T14:36:18.960626"
"231684370","真拿你没办法，坐好喽。  那是科隆Major赛场，一场足以载入CS史册的巅峰加冕。场馆万众屏息，喧嚣与沉寂反复更迭，每一次枪声、每一回残局，都是追梦路上最滚烫的注脚。十余载浮沉逐梦，无数次决赛折戟、无数轮遗憾离场，命运无数次将希望与重担，压在孤身前行的NiKo肩上。  他是驰骋赛场多年的传奇，枪法、心态、大赛底蕴早已炉火纯青。常年游走于生死残局，历经无数豪门对决与高压对局，他早已习惯孤身扛队，在绝境之中寻找破局的微光，是无数人心中永不低头的赛场利刃。  这条夺冠之路跌宕滚烫，布满荆棘与考验。小组赛的坚韧坚守，淘汰赛的绝境翻盘，对阵各路豪强的鏖战争锋，一路跌撞前行、逆势而上。褪去年少的急躁锋芒，如今的NiKo沉稳笃定，没有花哨的操作，唯有千锤百炼的功底与千帆过尽的从容。每一次架枪坚守，都是重压之下的担当；每一次残局突围，都是不甘遗憾的抗争。  整场决赛胶着拉扯、惊心动魄，比分交替攀升，局势反复反转，所有人都在等待最终的结局。当最后一声残局终结的音效响彻场馆，所有焦灼与坚守终有归宿。尘埃落定，胜负落定！  历经十余年漫长蛰伏，跨过无数失利低谷，熬过无数彻夜磨砺，NiKo终于登顶科隆之巅，摘下梦寐以求的Major桂冠。压抑多年的遗憾尽数释然，长久的奔赴与坚守终得圆满。赛场欢呼轰然炸裂，聚光灯尽数汇聚在他身上，昔日的无冕之王，终于加冕成王。  一枪一念，岁岁逐光。这不止是一场赛事的胜利，更是意志与热爱的终极凯旋。寥寥赛场对决，承载着他十余年的坚守与倔强，也圆满了无数追随者漫长的青春信仰，让所有踏过的荆棘、熬过的低谷，都化作登顶时最耀眼的荣光。","76561199195769420","1","schinese","0","0","2026-07-31T02:00:49","26","steam","steam:730","{""name"": ""Counter-Strike 2"", ""type"": ""game""}","{""appid"": ""730"", ""playtime_forever"": 31770, ""playtime_at_review"": 31734, ""steam_purchase"": true, ""received_for_free"": false, ""written_during_early_access"": false}","2026-07-31T14:35:53.323331","positive","0.95","0.98","游戏性","[""电竞"", ""赛事"", ""情感""]","2026-07-31T14:36:20.194368"
"231680970","司马游戏，竞技模式直接强制收费吧，不喜欢练枪练道具等的智力低下的过滤掉，有意思吗匹四个弱到爆的队友，不求被带飞，就要求对手和队友的实力旗鼓相当，就想着赚钱去了，市场交易关了吧，我只想要公平且纯粹的竞技，不是和一群脑子里装了史的类人生命个体在做一些愚蠢的事情 炼狱小镇和炙热沙城二我是再也不会玩了，玩这两张图还不如玩人质模式","76561199874756261","0","schinese","0","0","2026-07-31T01:12:04","27","steam","steam:730","{""name"": ""Counter-Strike 2"", ""type"": ""game""}","{""appid"": ""730"", ""playtime_forever"": 44238, ""playtime_at_review"": 44176, ""steam_purchase"": true, ""received_for_free"": false, ""written_during_early_access"": false}","2026-07-31T14:35:53.323540","negative","-0.9","0.95","游戏性","[""匹配机制"", ""地图设计"", ""商业模式""]","2026-07-31T14:36:23.223780"
"231659636","单纯就是好玩，就是有不少垃圾广告。我在这条路上还任重道远呢，再接再厉！","76561199802253114","1","schinese","0","0","2026-07-30T19:42:21","28","steam","steam:730","{""name"": ""Counter-Strike 2"", ""type"": ""game""}","{""appid"": ""730"", ""playtime_forever"": 283, ""playtime_at_review"": 244, ""steam_purchase"": true, ""received_for_free"": false, ""written_during_early_access"": false}","2026-07-31T14:35:53.323727","positive","0.7","0.8","游戏性","[""广告"", ""个人成长""]","2026-07-31T14:36:37.469975"
"231655543","垃圾v社，买了优先我自己开枪技术好一点就TM天天封，建议大家不要买优先了","76561199545551530","0","schinese","0","0","2026-07-30T18:19:29","29","steam","steam:730","{""name"": ""Counter-Strike 2"", ""type"": ""game""}","{""appid"": ""730"", ""playtime_forever"": 34314, ""playtime_at_review"": 34314, ""steam_purchase"": true, ""received_for_free"": false, ""written_during_early_access"": false}","2026-07-31T14:35:53.323900","negative","-0.8","0.95","服务","[""封号"", ""优先匹配""]","2026-07-31T14:36:40.336088"
"231651523","真拿你没办法，坐好喽。那是CS职业赛场上，一记足以载入CNCS记忆的冷枪。赛场寂静的只剩下鼠标点击与呼吸声。天禄深陷经济绝境，全员半甲残装，几乎是赤手空拳。面对当时如日中天的世界第一战队Vitality。DANK1NG没有选择保守退后，而是抓起了那把轻如鸿毛、威力却被无数人轻视的鸟狙——SSG 08。 对面是被称为怪物的ZywOo，此时他正站在CS巅峰，反应、定位、威慑力都几乎无解，是所有狙击手的噩梦。 他前压控场，姿态从容，仿佛一切尽在掌握。 谁也不会想到，这一步会撞上来自东方的致命瞄准。 DANK1NG静步干拉，目光如钉。 没有多余动作，没有花哨身法，只有一瞬的屏息、瞄准。 一发枪响的瞬间，尘埃未落。","76561199765834297","1","schinese","0","1","2026-07-30T16:54:56","30","steam","steam:730","{""name"": ""Counter-Strike 2"", ""type"": ""game""}","{""appid"": ""730"", ""playtime_forever"": 30333, ""playtime_at_review"": 30050, ""steam_purchase"": true, ""received_for_free"": false, ""written_during_early_access"": false}","2026-07-31T14:35:53.324073","positive","0.9","0.95","游戏性","[""电竞"", ""操作"", ""剧情""]","2026-07-31T14:36:43.242974"
"231729668","非常好玩，唯一不足的就是外挂有点猖，最简单的fps游戏了，上手仅需10分钟，精通要一辈子awa","76561199470241302","1","schinese","2","0","2026-07-31T17:24:19","31","steam","steam:730","{""name"": ""Counter-Strike 2"", ""type"": ""game""}","{""appid"": ""730"", ""playtime_forever"": 14317, ""playtime_at_review"": 14185, ""steam_purchase"": true, ""received_for_free"": false, ""written_during_early_access"": false}","2026-07-31T14:35:53.311539","positive","0.7","0.8","游戏性","[""外挂问题"", ""上手难度""]","2026-07-31T14:36:04.239286"
"231724728","CS2 从来不是一款 “讨好所有人” 的游戏。 如果你是追求极致竞技的硬核玩家，愿意花几十小时重构肌肉记忆，它更高的战术上限、更精准的判定逻辑、持续迭代的反作弊，都值得你投入时间； 如果你是休闲娱乐的轻度玩家，怀念 CS:GO 轻松的身法和单向烟套路，CS2 可能会让你觉得 “费劲又不好玩”； 如果你是纯新手，更友好的视觉效果、更清晰的信息反馈是加分项，但极高的技能天花板和严苛的容错率，依然会让入门过程充满挫败。 说到底，CS 的核心魅力从来没变 —— 它公平、硬核、 reward effort，你投入的每一小时练枪、每一次复盘，都会实打实转化成对局里的优势。CS2 只是把这条成长之路铺得更现代化了一些，路上的荆棘和荣光，一如往昔。","76561199238829019","1","schinese","1","0","2026-07-31T15:26:44","32","steam","steam:730","{""name"": ""Counter-Strike 2"", ""type"": ""game""}","{""appid"": ""730"", ""playtime_forever"": 75258, ""playtime_at_review"": 75152, ""steam_purchase"": true, ""received_for_free"": false, ""written_during_early_access"": false}","2026-07-31T14:35:53.311952","positive","0.7","0.8","游戏性","[""竞技性"", ""成长曲线"", ""公平性""]","2026-07-31T14:36:09.949350"
"231739211","法国八廓街上的法国北部i色的韩国","76561199752536544","1","schinese","0","0","2026-07-31T20:43:32","33","steam","steam:730","{""name"": ""Counter-Strike 2"", ""type"": ""game""}","{""appid"": ""730"", ""playtime_forever"": 538, ""playtime_at_review"": 455, ""steam_purchase"": true, ""received_for_free"": false, ""written_during_early_access"": false}","2026-07-31T14:35:53.313084","neutral","0.0","0.5","其他","None","2026-07-31T14:35:57.906020"
"231738384","作弊的玩家太多了。反作弊系统一点作用都没有","76561198212077140","0","schinese","0","0","2026-07-31T20:29:03","34","steam","steam:730","{""name"": ""Counter-Strike 2"", ""type"": ""game""}","{""appid"": ""730"", ""playtime_forever"": 25470, ""playtime_at_review"": 25407, ""steam_purchase"": true, ""received_for_free"": false, ""written_during_early_access"": false}","2026-07-31T14:35:53.313295","negative","-0.8","0.95","游戏性","[""反作弊"", ""玩家行为""]","2026-07-31T14:35:59.026663"
"231728649","游戏肯定是好玩，就是打不过，总感觉每个人枪法都好准啊","76561198899772402","1","schinese","0","0","2026-07-31T17:01:33","35","steam","steam:730","{""name"": ""Counter-Strike 2"", ""type"": ""game""}","{""appid"": ""730"", ""playtime_forever"": 11522, ""playtime_at_review"": 11522, ""steam_purchase"": true, ""received_for_free"": false, ""written_during_early_access"": false}","2026-07-31T14:35:53.313512","positive","0.6","0.8","游戏性","[""难度"", ""匹配机制""]","2026-07-31T14:36:05.667418"
"231728569","cs是我玩过最好玩的pvp网游，cs比赛是我看过最精彩的电竞比赛","76561199034700774","1","schinese","0","0","2026-07-31T17:00:04","36","steam","steam:730","{""name"": ""Counter-Strike 2"", ""type"": ""game""}","{""appid"": ""730"", ""playtime_forever"": 42102, ""playtime_at_review"": 42026, ""steam_purchase"": true, ""received_for_free"": false, ""written_during_early_access"": false}","2026-07-31T14:35:53.313709","positive","0.9","0.95","游戏性","[""电竞"", ""PVP""]","2026-07-31T14:36:07.148178"
"231724741","我不知道这个游戏怎么了每天都在更新，更新一些没用的东西。现在连steam市场都打不开了，甚至玩国服都出现卡顿状况。","76561199505858477","0","schinese","0","0","2026-07-31T15:26:59","37","steam","steam:730","{""name"": ""Counter-Strike 2"", ""type"": ""game""}","{""appid"": ""730"", ""playtime_forever"": 13329, ""playtime_at_review"": 13329, ""steam_purchase"": true, ""received_for_free"": false, ""written_during_early_access"": false}","2026-07-31T14:35:53.313920","negative","-0.7","0.9","性能","[""更新"", ""卡顿"", ""市场""]","2026-07-31T14:36:08.658966"
"231724355","游戏非常好玩，特别适合冬天玩，打完一把脸红红的，热热的，就像初恋一样。","76561198730748349","1","schinese","0","0","2026-07-31T15:17:26","38","steam","steam:730","{""name"": ""Counter-Strike 2"", ""type"": ""game""}","{""appid"": ""730"", ""playtime_forever"": 5119, ""playtime_at_review"": 5082, ""steam_purchase"": true, ""received_for_free"": false, ""written_during_early_access"": false}","2026-07-31T14:35:53.314135","positive","0.9","0.95","游戏性","[""体验"", ""氛围""]","2026-07-31T14:36:10.945137"
"231720591","官匹都是挂,玩平台全是压力人的,这游戏没好","76561199279524635","0","schinese","0","0","2026-07-31T13:44:07","39","steam","steam:730","{""name"": ""Counter-Strike 2"", ""type"": ""game""}","{""appid"": ""730"", ""playtime_forever"": 90628, ""playtime_at_review"": 90628, ""steam_purchase"": true, ""received_for_free"": false, ""written_during_early_access"": false}","2026-07-31T14:35:53.314384","negative","-0.8","0.95","游戏性","[""外挂"", ""玩家环境"", ""匹配机制""]","2026-07-31T14:36:12.698397"
"231743680","真拿你没办法，坐好了，那是2026科隆Major朗盛竞技场的决赛赛场，一场熬走十余年遗憾、击碎全网嘲讽的封神全胜碾压。整座电竞殿堂人声鼎沸，只剩下键鼠敲击的脆响、道具爆破的轰鸣与千万观众悬在嗓子眼的心跳。FURIA背负着巴西赛区全村的希望，教父FalleN迎来生涯最后一届Major冲冠之旅，麾下全员手感滚烫，攻防轮转行云流水，主场呼声铺天盖地，仿佛复刻昔日登顶科隆的荣光。外界所有人心里都压着一个刻板定论：只要站上Major决赛舞台，NiKo一定会软脚，多年数次临门一脚轰然坠落，波士顿、斯德哥尔摩一场场痛失冠军的画面，早被观众刻成了甩不掉的魔咒标签。Falcons坐拥银河战舰豪华阵容，却长久困在NiKo的决赛心魔里，无数次常规赛大杀四方，决赛关键时刻骤然隐身，空有步枪天花板的名头，Major冠军奖杯永远隔着一层捅不破的窗户纸。谁也不会想到，这场BO5巅峰对决，昔日屡屡折戟决赛的悲情巨星，会彻底撕碎“软脚虾”的枷锁。  NiKo架住点位、稳住呼吸，预瞄精准如标尺。没有决赛惯有的慌乱手抖，没有关键回合犹豫空枪，只有极致沉稳的走位、跟枪、秒杀。Anubis半场队伍一度5比7落后、局势岌岌可危的危局里，他水下联动匪跳瞬发四杀，枪声接连炸开，子弹精准锁死FURIA每一个突破点位，硬生生把濒临崩盘的比分拽回均势。换边之后手枪局稳稳拿下，长枪局回防补枪干净利落，残局冷静收割，从前决赛容易隐身的短板，此刻化作密不透风的防线与一击毙命的攻势。对面FalleN带队疯狂追分拉扯，狂哥、卡神轮番打出高光击杀，试图复刻逆风翻盘的戏码，可这一晚的NiKo，再也没有给宿命重演的机会。他不再是那个大赛关键时刻掉链子的悲情射手，是扛着整支猎鹰稳步前行的定海神针，配合m0NESY、kyousuke的火力联动，一局一局蚕食对手的经济与心态。  三图打完，比分定格在干脆利落的3:0横扫，Falcons全程没有给FURIA半点喘息翻盘的余地。曾经缠绕NiKo十余年的Major无冠诅咒、决赛软脚的嘲讽标签，在朗盛竞技场漫天灯光里彻底粉碎。过往无数次距离奖杯一步之遥的遗憾、直播间铺天盖地的质疑、一次次决赛拉胯的名场面，全都化作此刻捧起Major冠军奖杯的滚烫荣光。这一场3:0完胜，不是侥幸的逆袭，是天赋与坚守熬过漫长低谷后的圆满收官。外界总说大场面会磨平天才的心态，可NiKo用一整晚零拉胯的稳定发挥证明：困住他从不是枪法，是心魔；今夜心魔消散，迟来的Major王座，终于稳稳落在了他的手里。这座科隆Major奖杯，轻得只是一块金属奖牌，却重得装下了他十余年奔波赛场、屡败屡战的全部青春。","76561199566102993","1","schinese","0","0","2026-07-31T21:59:19","40","steam","steam:730","{""name"": ""Counter-Strike 2"", ""type"": ""game""}","{""appid"": ""730"", ""playtime_forever"": 110549, ""playtime_at_review"": 110549, ""steam_purchase"": true, ""received_for_free"": false, ""written_during_early_access"": false}","2026-07-31T14:35:53.319941","positive","0.95","0.98","游戏性","[""电竞比赛"", ""选手表现"", ""赛事氛围""]","2026-07-31T14:35:55.549280"
"231741290","乌烟瘴气！玩家总是在不停的杀人，我明明技术很不错，为什么？你们的服务器有很严重的隐患！作弊！","76561199816414338","0","schinese","0","0","2026-07-31T21:19:13","41","steam","steam:730","{""name"": ""Counter-Strike 2"", ""type"": ""game""}","{""appid"": ""730"", ""playtime_forever"": 893, ""playtime_at_review"": 893, ""steam_purchase"": true, ""received_for_free"": false, ""written_during_early_access"": false}","2026-07-31T14:35:53.320239","negative","-0.8","0.9","游戏性","[""服务器"", ""作弊"", ""玩家行为""]","2026-07-31T14:35:56.692772"
"231738276","莫名其妙给我20小时vac，是不让人拿鸟狙穿吗？抓紧来人工吧，我™要是开挂还菜成这样那我自己拿自己胡子给自己吊死得了","76561199469210251","0","schinese","0","0","2026-07-31T20:27:11","42","steam","steam:730","{""name"": ""Counter-Strike 2"", ""type"": ""game""}","{""appid"": ""730"", ""playtime_forever"": 10787, ""playtime_at_review"": 10787, ""steam_purchase"": true, ""received_for_free"": false, ""written_during_early_access"": false}","2026-07-31T14:35:53.320979","negative","-0.8","0.9","客服","[""封禁"", ""误判"", ""反作弊""]","2026-07-31T14:36:00.349410"
"231736172","真拿你没办法，坐好喽，那是cs职业赛场上一记足以载入cncs记忆的冷枪，赛场寂静的只剩下鼠标点击与呼吸声，天禄深陷经济绝境，全员半甲残装，几乎是赤手空拳，面对当时如日中天的世界第一战队vitality，danking没有选择保守退后，而是抓起了那把轻如鸿毛威力却被无数人轻视的鸟狙-SSG08，对面是被称为怪物的zywoo，此时他正站在cs巅峰，反应定位威慑力都几乎无解，是所有狙击手的噩梦，他前压控场、姿态从容，仿佛一切尽在掌握，谁也不会想到，这一步会撞上来自东方的致命瞄准，danking经步干拉、目光如钉，没有多余动作没有花哨身法，只有一寸的屏息瞄准，一发敲响的瞬间，尘埃未落。","76561199851359560","1","schinese","0","0","2026-07-31T19:45:40","43","steam","steam:730","{""name"": ""Counter-Strike 2"", ""type"": ""game""}","{""appid"": ""730"", ""playtime_forever"": 11337, ""playtime_at_review"": 11155, ""steam_purchase"": true, ""received_for_free"": false, ""written_during_early_access"": false}","2026-07-31T14:35:53.321895","positive","0.9","0.95","游戏性","[""电竞"", ""操作"", ""剧情""]","2026-07-31T14:36:01.697505"
"231735197","好玩，炸鱼的烧，就是流氓消息有点多","76561199366237093","1","schinese","0","0","2026-07-31T19:26:20","44","steam","steam:730","{""name"": ""Counter-Strike 2"", ""type"": ""game""}","{""appid"": ""730"", ""playtime_forever"": 403, ""playtime_at_review"": 354, ""steam_purchase"": true, ""received_for_free"": false, ""written_during_early_access"": false}","2026-07-31T14:35:53.322213","positive","0.7","0.8","游戏性","[""玩法"", ""社交""]","2026-07-31T14:36:02.869007"
"231718242","……它早已经超越了一款普通的FPS游戏，成为了我整个初中时代最不可替代的青春注脚。  ### 枪林弹雨里的青春记忆  三年间，无数个日夜交替，我的鼠标轨迹记录了每一次的拉枪、急停和压枪。从最初连地图都跑不明白的萌新，到现在能熟练背出每一颗道具爆点、在残局里冷静听声辨位的“老兵”，CS见证了我从青涩走向成熟的过程。炙热沙城2（Dust2）的中门对狙，荒漠迷城（Mirage）的A区爆弹，炼狱小镇（Inferno）香蕉道的残酷争夺……这些不仅仅是战术名词，更是刻在骨子里的肌肉记忆，是每次心跳加速、肾上腺素飙升的极致快感。  ### 无可替代的兄弟羁绊  最让我难以割舍的，不仅是游戏本身，更是耳机里那些熟悉的声音。这三年里，我不仅是在磨炼枪法，更是在和一群兄弟共同经历喜怒哀乐。我们曾为了一次极限的1v3残局在语音频道里集体欢呼，也曾在被对手翻盘后互相安慰一句“Eco局，下把打回来”。虽然好友列表里的ID或许换过，有些人因为升学压力渐渐灰了头像，但在那个充满硝烟的虚拟世界里，我们曾经毫无保留地将后背交给彼此。那种纯粹的信任与热血，在竞技场外极难寻得。  ### 精神避风港与成长淬炼  从初一到高一，现实生活中的课业负担越来越重，而CS始终是我排解压力的最佳避风港。在我学业受挫、心情低落时，是一场酣畅淋漓的竞技让我重新振作；在我感到迷茫时，是那些在赛点局逆风翻盘的经历告诉我——**“不到最后一秒，永远不要放弃”**。它的竞技内核在潜移默化中塑造了我：无论是面对生活中的大考还是游戏里的强敌，都要有直面挑战、稳住准星的勇气。  ---  **总结** 三年时光，300个小时的陪伴。如今步入高一，学业的重担让我打开电脑的时间不可避免地变少了，但我依然会把CS留在桌面上最显眼的位置。对于我来说，它不仅是一组数据、一款游戏，它封存着我最纯粹的少年气。  就算以后生活再忙碌，只要那声熟悉的“Go, go, go!”再次在耳边响起，我的热血依然会为你沸腾。","76561199483606024","1","schinese","0","0","2026-07-31T12:43:23","45","steam","steam:730","{""name"": ""Counter-Strike 2"", ""type"": ""game""}","{""appid"": ""730"", ""playtime_forever"": 16875, ""playtime_at_review"": 16830, ""steam_purchase"": true, ""received_for_free"": false, ""written_during_early_access"": false}","2026-07-31T14:35:53.322516","positive","0.95","0.98","游戏性","[""情怀"", ""社交"", ""竞技""]","2026-07-31T14:36:14.360539"
"231714719","真拿你没办法，坐好喽。那是CS职业赛场上，一记足以载入CNCS记忆的冷枪。赛场寂静的只剩下鼠标点击与呼吸声。天禄深陷经济绝境，全员半甲残装，几乎是赤手空拳。面对当时如日中天的世界第一战队Vitality。DANK1NG没有选择保守退后，而是抓起了那把轻如鸿毛、威力却被无数人轻视的鸟狙——SSG 08。 对面是被称为怪物的ZywOo，此时他正站在CS巅峰，反应、定位、威慑力都几乎无解，是所有狙击手的噩梦。 他前压控场，姿态从容，仿佛一切尽在掌握。 谁也不会想到，这一步会撞上来自东方的致命瞄准。 DANK1NG静步干拉，目光如钉。 没有多余动作，没有花哨身法，只有一瞬的屏息、瞄准。 一发枪响的瞬间，尘埃未落。","76561199563589643","1","schinese","0","0","2026-07-31T11:22:29","46","steam","steam:730","{""name"": ""Counter-Strike 2"", ""type"": ""game""}","{""appid"": ""730"", ""playtime_forever"": 46616, ""playtime_at_review"": 46616, ""steam_purchase"": true, ""received_for_free"": false, ""written_during_early_access"": false}","2026-07-31T14:35:53.322818","positive","0.9","0.95","游戏性","[""电竞"", ""操作"", ""竞技""]","2026-07-31T14:36:15.605839"
"231647991","这个游戏好玩是好玩对新手特别不友好容易被压力","76561198686727935","0","schinese","0","0","2026-07-30T15:33:31","47","steam","steam:730","{""name"": ""Counter-Strike 2"", ""type"": ""game""}","{""appid"": ""730"", ""playtime_forever"": 3167, ""playtime_at_review"": 3014, ""steam_purchase"": true, ""received_for_free"": false, ""written_during_early_access"": false}","2026-07-31T14:35:53.324218","neutral","0.0","0.8","游戏性","[""新手友好度"", ""难度""]","2026-07-31T14:36:45.620790"
"231673444","FPS最高殿堂之恶魔神王帝皇仙尊主宰灭世混沌修罗创世起源极道巅峰","76561198964547458","1","schinese","1","0","2026-07-30T23:22:52","48","steam","steam:730","{""name"": ""Counter-Strike 2"", ""type"": ""game""}","{""appid"": ""730"", ""playtime_forever"": 172533, ""playtime_at_review"": 172413, ""steam_purchase"": true, ""received_for_free"": false, ""written_during_early_access"": false}","2026-07-31T14:35:53.324428","positive","0.9","0.8","其他","[""赞美""]","2026-07-31T14:36:28.687149"
"231670958","草死你妈了死妈v社，进个自定义和跑图死活刷不出饰品来，g胖你告诉爹你做不做饰品市场了？守望先锋再死妈也不会做到进个自定义和靶场把皮肤卡没了，你这死妈操作是独一档","76561199179756930","0","schinese","0","0","2026-07-30T22:46:31","49","steam","steam:730","{""name"": ""Counter-Strike 2"", ""type"": ""game""}","{""appid"": ""730"", ""playtime_forever"": 31760, ""playtime_at_review"": 31559, ""steam_purchase"": true, ""received_for_free"": false, ""written_during_early_access"": false}","2026-07-31T14:35:53.324620","negative","-0.9","0.95","游戏性","[""饰品系统"", ""自定义模式"", ""性能问题""]","2026-07-31T14:36:31.668018"
"231672863","傻逼V社天天误封绿玩，真挂不管。没他妈救了","76561199445140719","0","schinese","0","0","2026-07-30T23:14:40","50","steam","steam:730","{""name"": ""Counter-Strike 2"", ""type"": ""game""}","{""appid"": ""730"", ""playtime_forever"": 13232, ""playtime_at_review"": 13148, ""steam_purchase"": true, ""received_for_free"": false, ""written_during_early_access"": false}","2026-07-31T14:35:53.324803","negative","-0.9","0.95","客服","[""封号"", ""反作弊""]","2026-07-31T14:36:30.089583"